{
  "zoneA":{
    "x": [49.741811,304.80014,518.58347,516.4668,443.97097,243.41681,0.00014473587,1.0584781,49.741811],
    "y": [15.081148,255.32281,392.90614,515.67281,515.67281,321.46864,140.49365,29.897814,15.081148]
  },
  "zoneB":{
    "x": [7.2966026, 317.30252, 199.06248, 1.4968541, 7.2966026],
    "y": [506.69255, 509.68597, 340.55783, 189.39017, 506.69255]
  },
  "zoneC":{
    "x": [97.895977, 312.20847, 511.17514, 509.85222, 97.895977],
    "y": [10.847814, 228.86448, 355.86447, 8.7311473, 10.847814]
  },
  "bounding_box":{
    "xMin": 0.000145,
    "xMax": 516.4668,
    "yMin": -0.00010472931,
    "yMax": 515.67281
    }
}
